Year,Word,Translation,Roots,POS,Note
-1,???,???,_,PLACEHOLDER,_
-1,i-,NOM/nomative case marker,_,CASE,_
-1,ju-,ACC/accusative case marker,_,CASE,_
-1,hi-,GEN/genitive case marker,_,CASE,_
-1,mi-,DAT/dative case marker,_,CASE,_
-1,ti-,LOC/locative case marker,_,CASE,_
-1,tu-,TEMP/temporal case marker,_,CASE,_
-1,si-,INS/instrumental case marker,_,CASE,_
-1,ɬu-,PUR/purpose case marker/for,_,CASE,_
-1,di-,ABL/ablative case marker/away from,_,CASE,_
-1,ji-,COM/comitative case marker/with/together with,_,CASE,_
-1,su-,ALL/allative case marker,_,CASE,_
-1,pu-,ESS/essive case marker,_,CASE,_
-1,-e,PL/plural marker,_,PLURAL,_
-1,la-,ANA/animate noun class,_,CLASS,_
-1,lo-,INANA/inanimate noun class,_,CLASS,_
-1,la-,ANI/animate noun class,_,CLASS,_
-1,lo-,INAN/inanimate noun class,_,CLASS,_
-1,le-,ABS/abstract noun class,_,CLASS,_
-1,wi-,SUB/subjunctive mood marker,_,MOOD,_
-1,se-,IMP/imperative mood marker,_,MOOD,_
-1,ko-,COND/conditional mood marker,_,MOOD,_
-1,kso-,COUNTER/counterfactual mood marker,_,MOOD,_
-1,ɬe-,OPT/optative mood marker,_,MOOD,_
-1,ƛo-,OBL/obligative mood marker,_,MOOD,_
-1,ʃo-,POT/potential mood marker,_,MOOD,_
-1,te-,REFL/reflexive voice marker,_,VOICE,_
-1,pa-,PASS/passive voice marker,_,VOICE,_
-1,mo-,MID/middle voice marker,_,VOICE,_
-1,ke-,CAUS/causative voice marker,_,VOICE,_
-1,ra-,REC/reciprocal voice marker,_,VOICE,_

-1,i-,DEF/definite marker,_,ARTICLE,_
-1,e-,INDEF/indefinite marker,_,ARTICLE,_




0,əmel,life,_,N,_
0,ətol,death/dying,_,N,_
0,arajeol,wisdom/truth,_,N,_
0,ahana,light,_,N,_
0,θirafa,wondering/curiosity,_,N,_
0,lore,action/doing,_,N,_
0,θile,place,_,N,_
0,driela,person,_,N,_
0,loθir,grasp/grabbing,_,N,_
0,nor,sea,_,N,_
0,nkoθir,time,_,N,_
0,ɬara,knowledge,_,N,_
0,ʃohe,possibility,_,N,_
0,teteʒah,sound,_,N,_
0,ðan,tool,_,N,_
0,tiel,thing,_,N,_
0,mot,big/large,_,N,_
0,ðul,top/height,_,N,_
0,zul,shallows/shortness,_,N,_
0,drenpok,flower,_,N,_
0,aklare,tree,_,N,_
0,ƛuna,joining,_,N,_
0,elis,possession,_,N,_
0,hara,pain,_,N,_
0,fete,showing,_,N,_
0,feðra,speech,_,N,_
0,iθir,thought,_,N,_
0,aleða,consumption/tasting/eating,_,N,_
0,amtorin,dog,_,N,_
0,vekh,killing,_,N,_
0,ƛaƛa,falling,_,N,_
0,gilore,conflict/fighting,_,N,_
0,kwil,movement,_,N,_
0,ʃoƛ,flow,_,N,_
0,aruja,feather,_,N,_
0,tomo,finger/root,_,N,_
0,aƛemo,weight,_,N,_
0,ɬeðel,trance/sleep,_,N,_
0,ʒilate,width,_,N,_
0,sildabore,stomach,_,N,_
0,hujʒa,throwing,_,N,_
0,hemmani,putting/placing,_,N,_
0,trelahet,person skin,_,N,_
0,amalur,hair/person hair,_,N,_
0,anatur,non-person hair/fur/hide/skin/scales,_,N,_
0,silahet,make/create,_,N,_
0,emərila,eye/sight/seeing/watching,_,N,_
0,nina,small,_,N,_
0,raiθ,air,_,N,_
0,keʃ,fire/burning,_,N,_
0,meron,stone/rock/earth,_,N,_
0,telaman,animal/creature/beast,_,N,_
0,ʃuʃa,ice/frost,_,N,_
0,tkuʃu,coldness/cold,_,N,_
0,ztel,water,_,N,_
0,kiθsa,reaching/arriving/traveling/going,_,N,_
0,noɬ,walking,_,N,_
0,otkele,lake,_,N,_
0,glar,woods,_,N,_
0,tid,in (obsolete),_,became locative "ti-",_
0,seθir,running/moving quickly/rushing,_,N,_
0,ʃoƛ,flowing,_,N,_
0,naɬ,thinking/believing/pondering,_,N,_
0,palor,stopping/ceasing,_,N,_
0,jaloran,beginning/starting,_,N,_
0,romat,sitting,_,N,_
0,reman,standing,_,N,_
0,raiʃel,kindness,_,N,_
0,wen,beauty,_,N,_
0,kana,change,_,N,_
0,heta,left,_,N,_
0,ɬoja,right,_,N,_
0,θera,up,_,N,_
0,θok,down/underside/bottom,_,N,_
0,ɬel,center,_,N,_
0,lare,north,_,N,_
0,tal,east,_,N,_
0,rar,south,_,N,_
0,fil,west,_,N,_
0,velare,value,_,N,_
0,ƛeʒ,speed,_,N,_
0,pelor,town/village,_,N,_
998,ɬeʒariza,flying,_,N,_
0,kara,balance,_,N,_
0,num,path,_,N,_
0,dora,blueness/blue,_,N,_
0,klat,greenness/green,_,N,_
0,ɬehoten,redness/red,_,N,_
0,asaka,hotness/heat/warmth,_,N,_
0,heθ,front,_,N,_
0,hul,behind,_,N,_
0,ƛaf,peace/peacefulness/calmness/calm,_,N,_
0,tum,flatness,consistency/stability,_,N,_
0,ʒiθ,sharpness/alertness/wakefulness/cutting,_,N,_
0,ɬeθ,softness/gentleness/smoothness,_,N,_
0,ɬunol,thickness/denseness,_,N,_
0,ɬaa,hardness/strength,_,N,_
0,inga,stickiness,_,N,_
0,oma,completeness/wholeness,_,N,_
0,ileriala,commonness/mundanity/normality,_,N,_
0,ɬena,dream/spirit/soul,_,N,_
0,driks,blood,_,N,_
0,ʃot,foot,_,N,_   
0,ʃimi,unknown/mystery,_,N,_
0,atellenal,body/trunk,_,N,_
0,darun,head,_,N,_
0,taran,face,_,N,_
0,verun,nose,_,N,_
0,ganga,tooth,_,N,_
0,θek,ear,_,N,_
0,kelu,leg/limb/branch/arm,_,N,_
0,aðange,hand/leaf,_,N,_
0,eolan,mouth,_,N,_
0,matta,happy,_,N,_
0,lura,sad,_,N,_
0,falor,leader,_,N,_
0,eifol,sun,_,N,_
0,alius,moon,_,N,_
0,panor,end/final/last,_,N,_
0,elakorim,memory,_,N,_
-1,elakorim,god of memory/cycle,_,N,_
-1,korim,memory-soul,_,N,_
0,oneremiha,empty/hollow,_,N,_
0,do,opposite/not/un-,_,N,_
0,sil,being/existence/created thing,_,N,_
0,agata,importance/grandness/greatness,_,N,_
0,toda,forever/eternal/permanent,_,N,_
0,ɬoga,bringing/carrying,_,N,_
0,ɬoma,container/vessel,_,N,_
0,lo,one/1,_,N,_
0,lo,two/2,_,Ns,_
0,fem,three/3,_,N,_
0,tev,four/4,_,N,_
0,rep,five/5,_,N,_
0,tep,six/6,_,N,_
0,pol,seven/7,_,N,_
0,aθ,eight/8,_,N,_
0,ki,nine/9,_,N,_
0,tir,ten/10,_,N,_
0,bejar,eleven/11,_,N,_
0,ɬija,twelve/12,_,N,_
0,ɬan,question/INT,_,INT,_
0,na,me/I,_,P,_
0,ne,us/we,_,Ps,_
0,wa,you,_,P,_
0,we,you (plural),_,Ps,_
0,ta,he/she/them,_,P,_
0,te,they (plural),_,Ps,_
0,lota,it/it (inanimate),_,P,_
0,lote,them (inanimate),_,Ps,_
0,nan,ancientness/antiquity/oldness,_,N,_
0,bral,darkness/dark,_,N,_
0,sor,proximity/closeness,_,N,_
0,tanum,closure/shutting,_,N,_
0,ɬonum,day,_,N,Period of time
0,tuimena,daytime,_,N,Time of day
0,aɬetinla,night/nighttime,_,N,Time of day
0,benani,shelter/protection/covering,_,N,_
0,mari,mother,_,N,_
0,pander,father,_,N,_
0,roladil,comparison,_,N,_
0,ɬum,goodness/virtue,_,N,_
0,ojal,evil/wickedness/badness,_,N,_
0,ŋoŋabi,surpassing/exceeding/overwhelming,_,N,_
0,tinotam,desire,_,N,_
0,ʒola,fruit,_,N,_
0,ʒemeno,newness,_,N,_
0,hutanna,world,_,N,_
0,salamin,gift,_,N,_
0,taɬav,love,_,N,_
0,kokoki,playing,_,N,_
