English,Tovian,IPA,Roots
action,lor, / lˈor / ,_

adventure,thim, / θˈim / ,going + unknown

air,rith, / rˈiθ / ,_

alertness,shith, / ʃˈiθ / ,_

ally,yelalh, / jˈel.aɬ / ,GEN + person + goodness

ancient,nan, / nˈan / ,_

animal,tlan, / ƛˈan / ,_

April 1,rithileshol, / riθ.il.ˈeʃ.ol / ,sky + fruit

April 11,lanatan, / lan.ˈat.an / ,twilight + face

April 12,ysotel, / jsˈot.el / ,moon + lake

April 13,mrilaglar, / mril.ˈagl.ar / ,sight + tree

April 14,rithilefethr, / riθ.il.ˈef.eθr / ,sky + speech

April 15,lrithitan, / lriθ.ˈit.an / ,storm + bird

April 16,nanatom, / nan.ˈat.om / ,star + root

April 17,shasel, / ʃˈas.el / ,ice + water

April 18,shagang, / ʃˈag.aŋ / ,ice + tooth

April 19,nanashol, / nan.ˈaʃ.ol / ,star + fruit

April 2,aysith, / ˈajs.iθ / ,moon + sharpness

April 20,nanamnan, / nan.ˈamn.an / ,star + covering

April 21,shimisel, / ʃim.ˈis.el / ,mystery + water

April 22,mralshanin, / mralʃ.ˈan.in / ,darkness + berry

April 23,femlor, / fˈeml.or / ,speaking + plant

April 24,lunum, / lˈun.um / ,sun + TEMP + present

April 25,rithiletlan, / riθ.il.ˈeƛ.an / ,sky + animal

April 26,mralsyalethashol, / mralsj.al.eθ.ˈaʃ.ol / ,darkness + food + fruit

April 27,yelathan, / jel.ˈaθ.an / ,person + tool

April 28,ysol, / jsˈol / ,moon + fruit

April 29,keluaglar, / kel.u.ˈagl.ar / ,branch + tree

April 3,lrithwen, / lrˈiθw.en / ,storm + beauty

April 30,rithilekwil, / riθ.il.ˈekw.il / ,sky + movement

April 4,dlelaglar, / dlel.ˈagl.ar / ,body + tree

April 5,lrithay, / lrˈiθ.aj / ,storm + feather

April 6,teshglar, / tˈeʃgl.ar / ,sound + woods

April 7,dremshol, / drˈemʃ.ol / ,flower + fruit

April 8,mraladlel, / mral.ˈadl.el / ,darkness + body

April 9,yeolaglar, / je.ol.ˈagl.ar / ,truth + tree

April,loelor, / lo.ˈel.or / ,two + plant

arm,kel, / kˈel / ,_

arriving,kith, / kˈiθ / ,_

August 1,mloanadrem, / mlo.an.ˈadr.em / ,morning + flower

August 10,nanalor, / nan.ˈal.or / ,star + action

August 11,lanathan, / lan.ˈaθ.an / ,twilight + tool

August 12,mloanatesh, / mlo.an.ˈat.eʃ / ,morning + sound

August 13,efan, / ˈef.an / ,sun + tool

August 14,glaretesh, / glar.ˈet.eʃ / ,tree + sound

August 15,holalor, / ħol.ˈal.or / ,sweet + action

August 16,melrem, / mˈelr.em / ,life + flower

August 17,keluthan, / kel.ˈuθ.an / ,branch + tool

August 18,varetlun, / var.ˈeƛ.un / ,value + joining

August 19,mralaysor, / mral.ˈajs.or / ,darkness + moon + plant

August 2,teshaglar, / teʃ.ˈagl.ar / ,sound + tree

August 20,thangethan, / θaŋ.ˈeθ.an / ,leaf + tool

August 21,lhenashotlodrem, / ɬen.aʃ.oƛ.ˈodr.em / ,dream + flowing + flower

August 22,munorhanatesh, / mun.orħ.an.ˈat.eʃ / ,dusk + sound

August 23,yelan, / jˈel.an / ,person + light

August 24,lhenaglar, / ɬen.ˈagl.ar / ,dream + tree

August 25,yselom, / jsˈel.om / ,moon + memory

August 26,keshaglar, / keʃ.ˈagl.ar / ,fire + tree

August 27,rithenalor, / riθ.en.ˈal.or / ,air + dream + plant

August 28,mralor, / mrˈal.or / ,darkness + blue

August 29,fidol, / fˈid.ol / ,sun + GEN + death

August 3,munanilor, / mun.an.ˈil.or / ,covering + plant

August 30,falnan, / fˈaln.an / ,leader + star

August 4,kelushith, / kel.ˈuʃ.iθ / ,branch + sharpness

August 5,mral, / mrˈal / ,darkness + ???

August 6,lhenathan, / ɬen.ˈaθ.an / ,dream + tool

August 7,aysdrem, / ˈajsdr.em / ,moon + flower

August 8,menrunan, / menr.ˈun.an / ,earth + hat

August 9,selrem, / sˈelr.em / ,water + flower

August,femthulef, / femθ.ˈul.ef / ,three + height + sun

Autumn,mlherlesh, / mɬˈerl.eʃ / ,present + harvest

badness,yal, / jˈal / ,_

balance,kar, / kˈar / ,_

beast,tlan, / ƛˈan / ,_

beauty,wen, / wˈen / ,_

becoming,kan, / kˈan / ,arriving + change

beginning,lon, / lˈon / ,_

behind,hul, / ħˈul / ,_

being,sil, / sˈil / ,_

believing,nalh, / nˈaɬ / ,_

berry,shanin, / ʃˈan.in / ,fruit + small

big,mot, / mˈot / ,_

bind,nalor, / nˈal.or / ,joining + action

bird,rithan, / rˈiθ.an / ,air + animal

birth,lhan, / ɬˈan / ,bringing + light

blood,drik, / drˈik / ,_

bloom,med, / mˈed / ,flower + showing

blue,dor, / dˈor / ,_

blueness,dor, / dˈor / ,_

boat,sith, / sˈiθ / ,water + traveling

body,adlel, / ˈadl.el / ,_

bottom,sul, / sˈul / ,_

bottom,thok, / θˈok / ,_

branch,kel, / kˈel / ,_

breath,lrith, / lrˈiθ / ,movement + COM + air

bringing,lhog, / ɬˈog / ,_

burning,kesh, / kˈeʃ / ,_

calm,tla, / ƛˈa / ,_

calmness,tla, / ƛˈa / ,_

canoe,sith, / sˈiθ / ,water + traveling

carrying,lhog, / ɬˈog / ,_

ceasing,pal, / pˈal / ,_

center,lhel, / ɬˈel / ,_

change,kan, / kˈan / ,_

child,melhen, / mˈeɬ.en / ,newness + dream

city,shithil, / ʃˈiθ.il / ,wakefulness + place

closeness,sor, / sˈor / ,_

closure,tam, / tˈam / ,_

cold,tush, / tˈuʃ / ,_

coldness,tush, / tˈuʃ / ,_

common bird,yalrith, / jˈalr.iθ / ,normality + air

commonness,yal, / jˈal / ,_

comparison,lad, / lˈad / ,_

completeness,om, / ˈom / ,_

confession,yeolfethr, / je.ˈolf.eθr / ,truth + speech

conflict,glor, / glˈor / ,_

consumption,leth, / lˈeθ / ,_

container,lhom, / ɬˈom / ,_

council,lhun, / ɬˈun / ,thinking + joining

covering,munan, / mˈun.an / ,_

create,sil, / sˈil / ,_

created thing,sil, / sˈil / ,_

creature,tlan, / ƛˈan / ,_

curiosity,thraf, / θrˈaf / ,_

cutting,shith, / ʃˈiθ / ,_

cycle,elakorim, / el.ak.ˈor.im / ,_

dance,lor, / lˈor / ,movement + action

dark,mral, / mrˈal / ,_

darkness,mral, / mrˈal / ,_

dawn,mloan, / mlˈo.an / ,first + light

day,lhom, / ɬˈom / ,_

day,twimen, / twˈim.en / ,_

daytime,twimen, / twˈim.en / ,_

death,dol, / dˈol / ,_

december 1,lrithdrem, / lrˈiθdr.em / ,breath + flower

december 10,lriskwil, / lrˈiskw.il / ,breath + movement

december 11,fedrlad, / fˈedrl.ad / ,showing + jealousy

december 12,rithaglar, / riθ.ˈagl.ar / ,air + tree

december 13,shotlan, / ʃˈoƛ.an / ,flowing + tool

december 14,fedetush, / fed.ˈet.uʃ / ,showing + cold

december 15,lrithen, / lrˈiθ.en / ,breath + dream

december 16,loreayeol, / lor.e.aj.ˈe.ol / ,dance + wisdom

december 17,lanam, / lˈan.am / ,twilight + bloom

december 18,nanalor, / nan.ˈal.or / ,star + plant

december 19,ayswen, / ˈajsw.en / ,moon + beauty

december 2,dolshanin, / dolʃ.ˈan.in / ,death + berry

december 20,lrithun, / lrˈiθ.un / ,breath + joining

december 21,lhilaglar, / ɬil.ˈagl.ar / ,night + tree

december 22,lan, / lˈan / ,twilight + ???

december 23,lanasyaleth, / lan.asj.ˈal.eθ / ,twilight + food

december 24,lhonrem, / ɬˈonr.em / ,day + flower

december 25,nan, / nˈan / ,star + ???

december 26,shotlodrem, / ʃoƛ.ˈodr.em / ,flowing + flower

december 27,doraklrith, / dor.ˈaklr.iθ / ,blue + breath

december 28,klumloremlan, / kluml.or.ˈeml.an / ,vine + twilight

december 29,ayskesh, / ˈajsk.eʃ / ,moon + fire

december 3,???, / ??? / ,???

december 30,lrith, / lrˈiθ / ,breath + ???

december 4,???, / ??? / ,???

december 5,lrithan, / lrˈiθ.an / ,breath + tool

december 6,shotltom, / ʃˈoƛt.om / ,flowing + root

december 7,mloanathan, / mlo.an.ˈaθ.an / ,morning + tool

december 8,dolrem, / dˈolr.em / ,death + flower

december 9,lrithaglar, / lriθ.ˈagl.ar / ,breath + tree

December,lotush, / lˈot.uʃ / ,one + cold

demonstrate,led, / lˈed / ,action + showing

denseness,lhul, / ɬˈul / ,_

desert,tlil, / ƛˈil / ,sand + place

discovery,sahyeol, / saħj.ˈe.ol / ,make + wisdom

dog,anon, / ˈan.on / ,_

doing,lor, / lˈor / ,_

down,thok, / θˈok / ,_

dream,lhen, / ɬˈen / ,_

dreambringer,anolhyel, / an.ˈoɬj.el / ,dream + COM + walking + person

dusk,munorhan, / mun.ˈorħ.an / ,last + light

dying,dol, / dˈol / ,_

ear,thek, / θˈek / ,_

earth,men, / mˈen / ,_

east,tal, / tˈal / ,_

eating,leth, / lˈeθ / ,_

eight,ath, / ˈaθ / ,_

eleven,myar, / mjˈar / ,_

empty,remi, / rˈem.i / ,_

end,par, / pˈar / ,_

enemy,yey, / jˈej / ,GEN + person + evil

eternal,tod, / tˈod / ,_

evening,munorhan, / mun.ˈorħ.an / ,last + light

evil,yal, / jˈal / ,_

exceeding,ngam, / ŋˈam / ,_

existence,sil, / sˈil / ,_

eye,mril, / mrˈil / ,_

face,tan, / tˈan / ,_

father,pan, / pˈan / ,_

feather,ay, / ˈaj / ,_

February 1,dremen, / drˈem.en / ,flower + stone

February 1,tushulor, / tuʃ.ˈul.or / ,cold + plant

February 10,tushuthan, / tuʃ.ˈuθ.an / ,cold + tool

February 11,thanramen, / θanr.ˈam.en / ,tool + darkness + stone

February 12,numvar, / nˈumv.ar / ,path + value

February 13,mramen, / mrˈam.en / ,darkness + stone

February 14,menmen, / mˈenm.en / ,earth + stone

February 15,shashol, / ʃˈaʃ.ol / ,ice + fruit

February 16,namen, / nˈam.en / ,light + stone

February 17,lhenamen, / ɬen.ˈam.en / ,dream + earth

February 18,ysdeshol, / jsdˈeʃ.ol / ,moon + showing + fruit

February 19,nanalhen, / nan.ˈaɬ.en / ,star + dream

February 2,sulramen, / sulr.ˈam.en / ,bottom + darkness + stone

February 20,mrathan, / mrˈaθ.an / ,darkness + tool

February 22,syalethanan, / sjal.eθ.ˈan.an / ,food + star

February 23,aymen, / ˈajm.en / ,moon + stone

February 24,mloanamen, / mlo.an.ˈam.en / ,morning + metal

February 25,nanatan, / nan.ˈat.an / ,star + face

February 26,lanamen, / lan.ˈam.en / ,twilight + metal

February 27,mramen, / mrˈam.en / ,darkness + metal

February 28,lan, / lˈan / ,twilight + ???

February 29,tleshmen, / ƛˈeʃm.en / ,speed + metal

February 3,mralingtlun, / mral.ˈiŋƛ.un / ,darkness + tar

February 30,shathan, / ʃˈaθ.an / ,ice + tool

February 4,nanamen, / nan.ˈam.en / ,star + stone

February 5,ysanon, / jsˈan.on / ,moon + dog

February 6,lhenashotl, / ɬen.ˈaʃ.oƛ / ,dream + flow

February 7,menlor, / mˈenl.or / ,earth + plant

February 8,mersyaleth, / mersj.ˈal.eθ / ,earth + food

February 9,shalhen, / ʃˈaɬ.en / ,ice + dream

February,femush, / fˈem.uʃ / ,three + cold

fifteen,lhyam, / ɬjˈam / ,twelve + three

fighting,glor, / glˈor / ,_

final,par, / pˈar / ,_

finger,tom, / tˈom / ,_

fire,kesh, / kˈeʃ / ,_

first,pul, / pˈul / ,ESS + one

five,rem, / rˈem / ,_

flatness,tum, / tˈum / ,consistency / stability

floor,thok, / θˈok / ,down + foot

flow,shotl, / ʃˈoƛ / ,_

flower,drem, / drˈem / ,_

flowing,shotl, / ʃˈoƛ / ,_

fog,tlurith, / ƛˈur.iθ / ,tar + air

food,syaleth, / sjˈal.eθ / ,INS + eating

foot,shot, / ʃˈot / ,_

forest,lethil, / lˈeθ.il / ,tree + place

forever,tod, / tˈod / ,_

forty eight,tev, / tˈev / ,four + twelve

four,tev, / tˈev / ,_

fourteen,lhyalo, / ɬjˈal.o / ,twelve + two

friend,yelalh, / jˈel.aɬ / ,GEN + person + goodness

friendship,yelalh, / jˈel.aɬ / ,GEN + person + goodness

front,heth, / ħˈeθ / ,_

frost,shush, / ʃˈuʃ / ,_

frown,laon, / lˈa.on / ,sad + mouth

fruit,shol, / ʃˈol / ,_

full,remhad, / rˈemħ.ad / ,empty + not

fur,anad, / ˈan.ad / ,_

future,hethe, / ħˈeθ.e / ,front + path

gentleness,lheth, / ɬˈeθ / ,_

god of memory,elakorim, / el.ak.ˈor.im / ,_

going,kith, / kˈiθ / ,_

goodness,lhum, / ɬˈum / ,_

grabbing,lothr, / lˈoθr / ,_

grain,meloresyaleth, / mel.or.esj.ˈal.eθ / ,plant + food

grandfather,nan, / nˈan / ,old + father

grandness,gad, / gˈad / ,_

grasp,lothr, / lˈoθr / ,_

greatness,gad, / gˈad / ,_

green,klat, / klˈat / ,_

greenness,klat, / klˈat / ,_

ground,thok, / θˈok / ,down + foot

hair,amal, / ˈam.al / ,_

hand,thang, / θˈaŋ / ,_

hanging,nither, / nˈiθ.er / ,putting + up

happy,mat, / mˈat / ,_

hardness,lha, / ɬˈa / ,_

harvest,lesh, / lˈeʃ / ,plant + cutting

hat,drunan, / drˈun.an / ,head + covering

he,ta, / tˈa / ,_

head,dan, / dˈan / ,_

heat,ag, / ˈag / ,_

height,thul, / θˈul / ,_

hide,anad, / ˈan.ad / ,_

hiding,dum, / dˈum / ,bbu

hoe,leth, / lˈeθ / ,plant + tool

hollow,remi, / rˈem.i / ,_

home,yethil, / jˈeθ.il / ,person + place

hotness,ag, / ˈag / ,_

house,yethil, / jˈeθ.il / ,person + place

how,lhan, / ɬˈan / ,_

I,na, / nˈa / ,_

ice,shush, / ʃˈuʃ / ,_

importance,gad, / gˈad / ,_

in (obsolete),tid, / tˈid / ,_

instrument,teshan, / tˈeʃ.an / ,sound + tool

it (inanimate),lod, / lˈod / ,_

it,lod, / lˈod / ,_

January 20,shush, / ʃˈuʃ / ,ice + ???

January 31,???, / ??? / ,???

January 32,tushuthok, / tuʃ.ˈuθ.ok / ,cold + ground

January 33,mralrem, / mrˈalr.em / ,darkness + flower

January 34,shashanin, / ʃaʃ.ˈan.in / ,ice + berry

January 35,selshith, / sˈelʃ.iθ / ,water + sharpness

January 36,klumloreshud, / kluml.or.ˈeʃ.ud / ,vine + ice

January 37,aysel, / ˈajs.el / ,moon + center

January 38,fol, / fˈol / ,sun + sweet

January 39,lhenashanin, / ɬen.aʃ.ˈan.in / ,spirit + berry

January 40,shaingtlurith, / ʃa.iŋƛ.ˈur.iθ / ,ice + fog

January 41,nanaingtlun, / nan.a.ˈiŋƛ.un / ,star + tar

January 42,???, / ??? / ,???

January 43,nanador, / nan.ˈad.or / ,star + blue

January 44,shakel, / ʃˈak.el / ,ice + branch

January 45,rishwen, / rˈiʃw.en / ,kindness + beauty

January 46,thatlun, / θˈaƛ.un / ,tool + joining

January 47,???, / ??? / ,???

January 48,klumloretush, / kluml.or.ˈet.uʃ / ,vine + cold

January 49,aymen, / ˈajm.en / ,moon + earth

January 51,nanaglar, / nan.ˈagl.ar / ,star + tree

January 52,lanalor, / lan.ˈal.or / ,twilight + plant

January 53,shalor, / ʃˈal.or / ,ice + plant

January 54,kelusyaleth, / kel.usj.ˈal.eθ / ,branch + food

January 55,mralesh, / mrˈal.eʃ / ,darkness + sound

January 56,nanad, / nˈan.ad / ,star + showing

January 57,ysaglar, / jsˈagl.ar / ,moon + tree

January 58,mer, / mˈer / ,earth + showing

January 59,varefethr, / var.ˈef.eθr / ,value + speaking

January 60,nanadyethil, / nan.adj.ˈeθ.il / ,star + home

January,loetush, / lo.ˈet.uʃ / ,two + cold

jealousy,lad, / lˈad / ,wickedness + comparison

joining,tlun, / ƛˈun / ,_

July 1,lhenananaloresyaleth, / ɬen.an.an.al.or.esj.ˈal.eθ / ,dream + star + grain

July 10,selnan, / sˈeln.an / ,water + protection

July 11,melsyaleth, / melsj.ˈal.eθ / ,life + food

July 12,nomen, / nˈom.en / ,sea + stone

July 13,mloanafor, / mlo.an.ˈaf.or / ,morning + writing

July 14,thangekel, / θaŋ.ˈek.el / ,leaf + branch

July 15,lhenaysan, / ɬen.ˈajs.an / ,dream + moon + animal

July 16,lhenalor, / ɬen.ˈal.or / ,dream + plant

July 17,shaninakel, / ʃan.in.ˈak.el / ,berry + branch

July 18,holashol, / ħol.ˈaʃ.ol / ,sweet + fruit

July 19,dolaglar, / dol.ˈagl.ar / ,death + tree

July 2,yeomlor, / je.ˈoml.or / ,wisdom + plant

July 20,selyethil, / selj.ˈeθ.il / ,water + home

July 21,felakorim, / fel.ak.ˈor.im / ,sun + cycle

July 22,mralshol, / mrˈalʃ.ol / ,dark + fruit

July 23,ysayeol, / jsaj.ˈe.ol / ,moon + wisdom

July 24,kelulor, / kel.ˈul.or / ,branch + plant

July 25,sethan, / sˈeθ.an / ,water + tool

July 26,mramlor, / mrˈaml.or / ,darkness + plant

July 27,varedrem, / var.ˈedr.em / ,value + flower

July 28,ysdmfed, / jsdmfˈed / ,moon + bloom

July 29,rithiledyel, / riθ.il.ˈedj.el / ,sky + person

July 3,llhenashol, / lɬen.ˈaʃ.ol / ,sun + dream + fruit

July 30,lhenumlhen, / ɬen.ˈumɬ.en / ,center + path + dream

July 4,melorethanglar, / mel.or.eθ.ˈaŋl.ar / ,plant + tool + woods

July 5,lhomtlan, / ɬˈomƛ.an / ,day + animal

July 6,mloanalor, / mlo.an.ˈal.or / ,dawn + plant

July 7,lhenamral, / ɬen.ˈamr.al / ,dream + darkness

July 8,llhenalor, / lɬen.ˈal.or / ,sun + dream + plant

July 9,shaninalhil, / ʃan.in.ˈaɬ.il / ,berry + night

July,loethulef, / lo.eθ.ˈul.ef / ,two + height + sun

June 1,mloanam, / mlo.ˈan.am / ,morning + bloom

June 10,yethilemnan, / jeθ.il.ˈemn.an / ,home + protection

June 11,thuvglar, / θˈuvgl.ar / ,sword + woods

June 12,nador, / nˈad.or / ,light + blue

June 13,mralsyaleth, / mralsj.ˈal.eθ / ,darkness + food

June 14,lriskwil, / lrˈiskw.il / ,wind + movement

June 15,forengothr, / for.ˈeŋ.oθr / ,writing + time

June 16,semlor, / sˈeml.or / ,water + plant

June 17,gaglar, / gˈagl.ar / ,warmth + tree

June 18,mrallhenadrem, / mralɬ.en.ˈadr.em / ,darkness + dream + flower

June 19,tomomen, / tom.ˈom.en / ,root + earth

June 2,rithileaglar, / riθ.il.e.ˈagl.ar / ,sky + tree

June 20,holadyethil, / ħol.adj.ˈeθ.il / ,sweet + home

June 21,meloremnan, / mel.or.ˈemn.an / ,plant + protection

June 22,shotlathang, / ʃoƛ.ˈaθ.aŋ / ,flowing + leaf

June 23,melaglar, / mel.ˈagl.ar / ,life + tree

June 24,tleshor, / ƛˈeʃ.or / ,speed + plant

June 25,rithileay, / riθ.il.ˈe.aj / ,sky + feather

June 26,dolithor, / dol.ˈiθ.or / ,death + smell

June 27,lrithdrem, / lrˈiθdr.em / ,wind + flower

June 28,ithrem, / ˈiθr.em / ,thought + flower

June 29,mralshol, / mrˈalʃ.ol / ,darkness + fruit

June 3,aysan, / ˈajs.an / ,moon + tool

June 30,melor, / mˈel.or / ,plant + ???

June 4,lel, / lˈel / ,sun + branch

June 5,mloanatlan, / mlo.an.ˈaƛ.an / ,morning + animal

June 6,meloreathang, / mel.or.e.ˈaθ.aŋ / ,plant + leaf

June 7,glarenan, / glar.ˈen.an / ,tree + star

June 8,nalhom, / nˈaɬ.om / ,light + container

June 9,temen, / tˈem.en / ,sound + stone

June,lothulef, / loθ.ˈul.ef / ,one + height + sun

killing,vek, / vˈek / ,_

kindness,rish, / rˈiʃ / ,_

knife,nashith, / nˈaʃ.iθ / ,small + sharpness + tool

knot,nalor, / nˈal.or / ,joining + action

knowledge,lhar, / ɬˈar / ,_

lake,tel, / tˈel / ,_

large,mot, / mˈot / ,_

last,par, / pˈar / ,_

leader,fal, / fˈal / ,_

leaf,thang, / θˈaŋ / ,_

left,hed, / ħˈed / ,_

leg,kel, / kˈel / ,_

life,mel, / mˈel / ,_

light,an, / ˈan / ,_

limb,kel, / kˈel / ,_

make,sil, / sˈil / ,_

March 1,ysklumlor, / jsklˈuml.or / ,moon + vine

March 10,todawen, / tod.ˈaw.en / ,eternal + beauty

March 11,mralm, / mrˈalm / ,darkness + bloom

March 12,mloelhanalor, / mlo.eɬ.an.ˈal.or / ,rebirth + plant

March 13,tushudol, / tuʃ.ˈud.ol / ,cold + fruit

March 14,menan, / mˈen.an / ,silver + ???

March 15,rithilekel, / riθ.il.ˈek.el / ,sky + branch

March 16,mrawen, / mrˈaw.en / ,darkness + beauty

March 17,tlafor, / ƛˈaf.or / ,peace + plant

March 18,nanamel, / nan.ˈam.el / ,star + life

March 19,efem, / ˈef.em / ,sun + flower

March 2,efith, / ˈef.iθ / ,sun + sharpness

March 20,nanashith, / nan.ˈaʃ.iθ / ,star + sharpness

March 21,dremlor, / drˈeml.or / ,flower + plant

March 22,rithiledrem, / riθ.il.ˈedr.em / ,sky + flower

March 23,shasith, / ʃˈas.iθ / ,ice + ship

March 24,nanadrem, / nan.ˈadr.em / ,star + flower

March 25,lrithan, / lrˈiθ.an / ,storm + animal

March 26,mramlorelhen, / mraml.or.ˈeɬ.en / ,darkness + plant + dream

March 27,gadrem, / gˈadr.em / ,hotness + flower

March 28,lshol, / lʃˈol / ,sun + fruit

March 29,nanaloresyaleth, / nan.al.or.esj.ˈal.eθ / ,star + grain

March 3,thanshol, / θˈanʃ.ol / ,tool + fruit

March 30,shimilhom, / ʃim.ˈiɬ.om / ,mystery + container

March 4,dremrem, / drˈemr.em / ,flower + flower

March 5,lrithan, / lrˈiθ.an / ,wind + animal

March 6,shimilor, / ʃim.ˈil.or / ,mystery + plant

March 7,mrilamen, / mril.ˈam.en / ,sight + stone

March 8,todakesh, / tod.ˈak.eʃ / ,eternal + fire

March 9,shatom, / ʃˈat.om / ,ice + root

March,lor, / lˈor / ,one + plant

May 1,selaglar, / sel.ˈagl.ar / ,water + tree

May 10,shotlol, / ʃˈoƛ.ol / ,flowing + fruit

May 11,mramlorean, / mraml.or.ˈe.an / ,darkness + plant + light

May 12,dleleon, / dlel.ˈe.on / ,trunk + mouth

May 13,???, / ??? / ,???

May 14,shotl, / ʃˈoƛ / ,flowing + ???

May 15,aysan, / ˈajs.an / ,moon + animal

May 16,rithilesyaleth, / riθ.il.esj.ˈal.eθ / ,sky + food

May 17,kelueon, / kel.u.ˈe.on / ,branch + mouth

May 18,mralel, / mrˈal.el / ,darkness + branch

May 19,ysor, / jsˈor / ,moon + plant

May 2,meloresel, / mel.or.ˈes.el / ,plant + water

May 20,shotlrleth, / ʃˈoƛrl.eθ / ,flowing + hoe

May 21,sethok, / sˈeθ.ok / ,water + down

May 22,shotlom, / ʃˈoƛ.om / ,flowing + bloom

May 23,mloanalor, / mlo.an.ˈal.or / ,morning + plant

May 24,selumlor, / sel.ˈuml.or / ,water + vine

May 25,nanatlan, / nan.ˈaƛ.an / ,star + animal

May 26,dolor, / dˈol.or / ,death + blue

May 27,yskel, / jskˈel / ,moon + branch

May 28,mloanakel, / mlo.an.ˈak.el / ,dawn + branch

May 29,shotleon, / ʃoƛ.ˈe.on / ,flowing + mouth

May 3,shotlen, / ʃˈoƛ.en / ,flowing + dream

May 30,shakwil, / ʃˈakw.il / ,ice + movement

May 4,shashithan, / ʃaʃ.ˈiθ.an / ,ice + sharpness + tool

May 5,doltlan, / dˈolƛ.an / ,death + animal

May 6,rithor, / rˈiθ.or / ,air + plant

May 7,munaniay, / mun.an.ˈi.aj / ,protection + moon

May 8,munorhanalor, / mun.orħ.an.ˈal.or / ,dusk + plant

May 9,teleaglar, / tel.e.ˈagl.ar / ,lake + tree

May,felor, / fˈel.or / ,three + plant

me,na, / nˈa / ,_

meat,athir, / ˈaθ.ir / ,tasting + GEN + blood

memory,elom, / ˈel.om / ,_

memory-soul,korim, / kˈor.im / ,_

metal,men, / mˈen / ,tool + GEN + rock

mist,tlurinin, / ƛur.ˈin.in / ,fog + small

month,nunalom, / nun.ˈal.om / ,small + small + cycle

moon,ay, / ˈaj / ,_

morning,mloan, / mlˈo.an / ,first + light

mother,mar, / mˈar / ,_

mouth,eon, / ˈe.on / ,_

movement,kwil, / kwˈil / ,_

moving quickly,sethr, / sˈeθr / ,_

mundanity,yal, / jˈal / ,_

mystery,shim, / ʃˈim / ,_

narcotic,lhemlor, / ɬˈeml.or / ,sleep + plant

newness,men, / mˈen / ,_

night,lhil, / ɬˈil / ,_

nighttime,lhil, / ɬˈil / ,_

nine,ki, / kˈi / ,_

non-person hair,anad, / ˈan.ad / ,_

normality,yal, / jˈal / ,_

north,lar, / lˈar / ,_

nose,ven, / vˈen / ,_

not,do, / dˈo / ,_

November 1,nanasyaleth, / nan.asj.ˈal.eθ / ,star + food

November 10,mrallhenathan, / mralɬ.en.ˈaθ.an / ,darkness + dream + tool

November 11,shithanin, / ʃiθ.ˈan.in / ,sharpness + berry

November 12,lethileaglar, / leθ.il.e.ˈagl.ar / ,forest + tree

November 13,kanaithr, / kan.ˈa.iθr / ,change + thought

November 14,sillhum, / sˈilɬ.um / ,existence + goodness

November 15,mloanarithan, / mlo.an.ar.ˈiθ.an / ,morning + bird

November 16,fedemralrem, / fed.emr.ˈalr.em / ,showing + darkness + flower

November 17,lhiladrem, / ɬil.ˈadr.em / ,night + flower

November 18,lhenakel, / ɬen.ˈak.el / ,dream + branch

November 19,nanathang, / nan.ˈaθ.aŋ / ,star + leaf

November 2,lhoman, / ɬˈom.an / ,day + light

November 20,nathan, / nˈaθ.an / ,light + tool

November 21,???, / ??? / ,???

November 22,???, / ??? / ,???

November 23,holamel, / ħol.ˈam.el / ,sweet + life

November 24,rithdrem, / rˈiθdr.em / ,air + flower

November 25,lhenarith, / ɬen.ˈar.iθ / ,dream + air

November 26,nunasil, / nun.ˈas.il / ,small + existence

November 27,ysen, / jsˈen / ,moon + dream

November 28,engothr, / ˈeŋ.oθr / ,sun + time

November 29,haradrem, / ħar.ˈadr.em / ,pain + flower

November 3,haralor, / ħar.ˈal.or / ,pain + plant

November 30,meloresyalethalor, / mel.or.esj.al.eθ.ˈal.or / ,grain + plant

November 4,ay, / ˈaj / ,moon + ???

November 5,teleay, / tel.ˈe.aj / ,lake + feather

November 6,holalor, / ħol.ˈal.or / ,sweet + plant

November 7,lhuloresyaleth, / ɬul.or.esj.ˈal.eθ / ,goodness + grain

November 8,dolag, / dˈol.ag / ,death + hotness

November 9,rithtom, / rˈiθt.om / ,air + root

November,ferlesh, / fˈerl.eʃ / ,three + harvest

October 1,leshol, / lˈeʃ.ol / ,harvest + fruit

October 10,nanathan, / nan.ˈaθ.an / ,star + tool

October 11,ysanin, / jsˈan.in / ,moon + berry

October 12,kelumral, / kel.ˈumr.al / ,branch + darkness

October 13,shithol, / ʃˈiθ.ol / ,sharpness + sweet

October 14,munorhanashol, / mun.orħ.an.ˈaʃ.ol / ,dusk + fruit

October 15,???, / ??? / ,???

October 16,for, / fˈor / ,sun + action

October 17,lenan, / lˈen.an / ,hoe + covering

October 18,mloanashith, / mlo.an.ˈaʃ.iθ / ,morning + sharpness

October 19,varethan, / var.ˈeθ.an / ,value + tool

October 2,klumloreloresyaleth, / kluml.or.el.or.esj.ˈal.eθ / ,vine + grain

October 20,harathan, / ħar.ˈaθ.an / ,pain + tool

October 21,lethiledrem, / leθ.il.ˈedr.em / ,forest + flower

October 22,lhenaysol, / ɬen.ˈajs.ol / ,dream + moon + fruit

October 23,thamlor, / θˈaml.or / ,tool + plant

October 24,meloresyalethavar, / mel.or.esj.al.eθ.ˈav.ar / ,grain + value

October 25,shotlesh, / ʃˈoƛ.eʃ / ,river + sound

October 26,haraon, / ħar.ˈa.on / ,pain + mouth

October 27,lethilekel, / leθ.il.ˈek.el / ,forest + branch

October 28,mlor, / mlˈor / ,sun + plant

October 29,glareshol, / glar.ˈeʃ.ol / ,tree + fruit

October 3,???, / ??? / ,???

October 30,leshor, / lˈeʃ.or / ,harvest + action

October 4,lhilaloresyaleth, / ɬil.al.or.esj.ˈal.eθ / ,night + grain

October 5,shotlan, / ʃˈoƛ.an / ,river + light

October 6,ysnal, / jsnˈal / ,moon + sharing

October 7,hol, / ħˈol / ,sweet + ???

October 8,lhenadrem, / ɬen.ˈadr.em / ,dream + flower

October 9,mralaglar, / mral.ˈagl.ar / ,darkness + tree

October,loerlesh, / lo.ˈerl.eʃ / ,two + harvest

old,nan, / nˈan / ,_

one hundred forty four,lhyalh, / ɬjˈaɬ / ,twelve + twelve

one,lo, / lˈo / ,_

openness,dam, / dˈam / ,not + closure

opposite,do, / dˈo / ,_

overwhelming,ngam, / ŋˈam / ,_

pain,har, / ħˈar / ,_

painting,for, / fˈor / ,showing + action

past,hune, / ħˈun.e / ,behind + path

path,num, / nˈum / ,_

peace,tla, / ƛˈa / ,_

peacefulness,tla, / ƛˈa / ,_

permanent,tod, / tˈod / ,_

person hair,amal, / ˈam.al / ,_

person skin,trel, / trˈel / ,_

person,yel, / jˈel / ,_

place,thil, / θˈil / ,_

placing,man, / mˈan / ,_

plain,til, / tˈil / ,flatness + place

plant,melor, / mˈel.or / ,life + action

pondering,nalh, / nˈaɬ / ,_

possession,el, / ˈel / ,_

possibility,sho, / ʃˈo / ,_

present,led, / lˈed / ,action + showing

present,nume, / nˈum.e / ,path + center

protection,munan, / mˈun.an / ,_

proximity,sor, / sˈor / ,_

putting,man, / mˈan / ,_

reaching,kith, / kˈiθ / ,_

rebirth,mloelhan, / mlo.ˈeɬ.an / ,second + birth

red,lhod, / ɬˈod / ,_

redness,lhod, / ɬˈod / ,_

report,yeolfethr, / je.ˈolf.eθr / ,truth + speech

returning,gith, / gˈiθ / ,not + arriving

right,lhya, / ɬjˈa / ,_

river,shotl, / ʃˈoƛ / ,flow + water

rock,men, / mˈen / ,_

root,tom, / tˈom / ,_

running,sethr, / sˈeθr / ,_

rushing,sethr, / sˈeθr / ,_

sad,lur, / lˈur / ,_

sand,shotl, / ʃˈoƛ / ,flow + ground

scales,anad, / ˈan.ad / ,_

sea,nor, / nˈor / ,_

season,rithagom, / riθ.ˈag.om / ,air + cycle

second,mloe, / mlˈo.e / ,ESS + two

seeing,mril, / mrˈil / ,_

September 1,keluloresyaleth, / kel.ul.or.esj.ˈal.eθ / ,branch + grain

September 10,nanathuv, / nan.ˈaθ.uv / ,star + sword

September 11,???, / ??? / ,???

September 12,thilethan, / θil.ˈeθ.an / ,place + tool

September 13,shithan, / ʃˈiθ.an / ,sharpness + tool

September 14,tlurinin, / ƛur.ˈin.in / ,mist + ???

September 15,???, / ??? / ,???

September 16,rithol, / rˈiθ.ol / ,air + sweet

September 17,sholalhum, / ʃol.ˈaɬ.um / ,fruit + goodness

September 18,sholaglar, / ʃol.ˈagl.ar / ,fruit + tree

September 19,lshanin, / lʃˈan.in / ,sun + berry

September 2,ysoresyaleth, / jsor.esj.ˈal.eθ / ,moon + grain

September 20,tilethil, / til.ˈeθ.il / ,plain + place

September 21,riskel, / rˈisk.el / ,air + branch

September 22,mraltlun, / mrˈalƛ.un / ,darkness + joining

September 23,kelushol, / kel.ˈuʃ.ol / ,branch + fruit

September 24,mloanamen, / mlo.an.ˈam.en / ,morning + earth

September 25,???, / ??? / ,???

September 26,melorelor, / mel.or.ˈel.or / ,plant + plant

September 27,thullhen, / θˈulɬ.en / ,top + dream

September 28,???, / ??? / ,???

September 29,vareloresyaleth, / var.el.or.esj.ˈal.eθ / ,value + grain

September 3,mralaysm, / mrˈal.ajsm / ,darkness + moon + bloom

September 30,rithtesh, / rˈiθt.eʃ / ,air + sound

September 4,???, / ??? / ,???

September 5,nanamen, / nan.ˈam.en / ,star + earth

September 6,mar, / mˈar / ,sun + mother

September 7,ay, / ˈaj / ,moon + ???

September 8,munorhanapal, / mun.orħ.an.ˈap.al / ,dusk + stopping

September 9,lhenashith, / ɬen.ˈaʃ.iθ / ,dream + sharpness

September,lorlesh, / lˈorl.eʃ / ,one + harvest

seven,pol, / pˈol / ,_

shadow,lan, / lˈan / ,darkness + light

shallows,sul, / sˈul / ,_

sharing,nal, / nˈal / ,joining + possession

sharpness,shith, / ʃˈiθ / ,_

she,ta, / tˈa / ,_

shelter,munan, / mˈun.an / ,_

shine,nalor, / nˈal.or / ,light + action

ship,sith, / sˈiθ / ,water + traveling

shortness,sul, / sˈul / ,_

showing,fed, / fˈed / ,_

shutting,tam, / tˈam / ,_

sight,mril, / mrˈil / ,_

silver,menan, / mˈen.an / ,metal + light

six,tem, / tˈem / ,_

sixteen,lhyatev, / ɬjˈat.ev / ,twelve + four

skin,anad, / ˈan.ad / ,_

sky,rithil, / rˈiθ.il / ,air + place

sleep,lheth, / ɬˈeθ / ,_

small,nin, / nˈin / ,_

smell,rithor, / rˈiθ.or / ,air + action

smile,maon, / mˈa.on / ,happy + mouth

smoothness,lheth, / ɬˈeθ / ,_

softness,lheth, / ɬˈeθ / ,_

soul,lhen, / ɬˈen / ,_

sound,tesh, / tˈeʃ / ,_

south,rar, / rˈar / ,_

speaking,fethr, / fˈeθr / ,showing + thought

speech,fethr, / fˈeθr / ,_

speed,tlesh, / ƛˈeʃ / ,_

spirit,lhen, / ɬˈen / ,_

spring vegetable,ledul, / lˈed.ul / ,plant + first

Spring,mlhelor, / mɬˈel.or / ,present + plant

star,nan, / nˈan / ,small + light

starting,lon, / lˈon / ,_

stickiness,ing, / ˈiŋ / ,_

stomach,lor, / lˈor / ,_

stone,men, / mˈen / ,_

stopping,pal, / pˈal / ,_

storm,lrith, / lrˈiθ / ,wind + water

strength,lha, / ɬˈa / ,_

Summer,mlheag, / mɬˈe.ag / ,present + heat

sun,ef, / ˈef / ,_

sunset,munorhan, / mun.ˈorħ.an / ,last + light

surpassing,ngam, / ŋˈam / ,_

sweet,hol, / ħˈol / ,GEN + fruit

sword,thuv, / θˈuv / ,tool + PUR + killing

tar,tlun, / ƛˈun / ,stickiness + joining

tasting,leth, / lˈeθ / ,_

teaching,lhad, / ɬˈad / ,knowledge + showing

ten,tir, / tˈir / ,_

them (inanimate),lode, / lˈod.e / ,_

them,ta, / tˈa / ,_

they (plural),te, / tˈe / ,_

thickness,lhul, / ɬˈul / ,_

thing,l, / l / ,_

thinking,nalh, / nˈaɬ / ,_

thirteen,lhyal, / ɬjˈal / ,twelve + one

thirty six,femlh, / fˈemɬ / ,three + twelve

thirty,loelhyatem, / lo.eɬj.ˈat.em / ,twenty four + six

thought,ithr, / ˈiθr / ,_

three,fem, / fˈem / ,_

throwing,ysha, / jʃˈa / ,_

thunder,lrithesh, / lrˈiθ.eʃ / ,storm + sound

tie,nalor, / nˈal.or / ,joining + action

time,ngothr, / ŋˈoθr / ,_

tool,than, / θˈan / ,_

tooth,gang, / gˈaŋ / ,_

top,thul, / θˈul / ,_

town,pel, / pˈel / ,_

trance,lheth, / ɬˈeθ / ,_

traveling,kith, / kˈiθ / ,_

tree,glar, / glˈar / ,_

trunk,adlel, / ˈadl.el / ,_

truth,yeol, / jˈe.ol / ,_

twelve,lhya, / ɬjˈa / ,_

twenty five,loelhyal, / lo.ˈeɬj.al / ,twenty four + one

twenty four,loelh, / lˈo.eɬ / ,two + twelve

twenty six,loelhyalo, / lo.eɬj.ˈal.o / ,twenty four + two

twenty,lhyath, / ɬjˈaθ / ,twelve + eight

twilight,lan, / lˈan / ,darkness + light

two,loe, / lˈo.e / ,_

un-,do, / dˈo / ,_

undershine,hi-sulan, / ħi.sˈul.an / ,GEN + bottom + light

underside,thok, / θˈok / ,_

unknown,shim, / ʃˈim / ,_

up,ther, / θˈer / ,_

us,ne, / nˈe / ,_

value,var, / vˈar / ,_

vessel,lhom, / ɬˈom / ,_

village,pel, / pˈel / ,_

vine,klumlor, / klˈuml.or / ,arm + plant

virtue,lhum, / ɬˈum / ,_

wakefulness,shith, / ʃˈiθ / ,_

waking dreambringer,anshish, / ˈanʃ.iʃ / ,dream + COM + alertness

walking,nolh, / nˈoɬ / ,_

warmth,ag, / ˈag / ,_

washing,sor, / sˈor / ,water + action

watching,mril, / mrˈil / ,_

water,sel, / sˈel / ,_

we,ne, / nˈe / ,_

week,tirlhom, / tˈirɬ.om / ,ten + day

weight,tlem, / ƛˈem / ,_

west,fil, / fˈil / ,_

what,lhan, / ɬˈan / ,_

when,lhan, / ɬˈan / ,_

where,lhan, / ɬˈan / ,_

who,lhan, / ɬˈan / ,_

wholeness,om, / ˈom / ,_

why,lhan, / ɬˈan / ,_

wickedness,yal, / jˈal / ,_

width,shad, / ʃˈad / ,_

wind,lrith, / lrˈiθ / ,movement + COM + air

Winter,mlhetush, / mɬˈet.uʃ / ,present + cold

wisdom,yeol, / jˈe.ol / ,_

wondering,thraf, / θrˈaf / ,_

woods,glar, / glˈar / ,_

writing,for, / fˈor / ,showing + action

year,nalom, / nˈal.om / ,small + cycle

you (plural),we, / wˈe / ,_

you,wa, / wˈa / ,_

young,don, / dˈon / ,not + old

???,???, / ??? / ,_

ABL,di-, / dˈi / ,_

ablative case marker,di-, / dˈi / ,_

abstract noun class,le-, / lˈe / ,_

ACC,yu-, / jˈu / ,_

accusative case marker,yu-, / jˈu / ,_

ALL,su-, / sˈu / ,_

allative case marker,su-, / sˈu / ,_

animate noun class,la-, / lˈa / ,_

away from,di-, / dˈi / ,_

CAUS,ke-, / kˈe / ,_

causative voice marker,ke-, / kˈe / ,_

COM,yi-, / jˈi / ,_

comitative case marker,yi-, / jˈi / ,_

COND,ko-, / kˈo / ,_

conditional mood marker,ko-, / kˈo / ,_

COUNTER,ks-o, / ˈo / ,_

counterfactual mood marker,ks-o, / ˈo / ,_

DAT,mi-, / mˈi / ,_

dative case marker,mi-, / mˈi / ,_

ESS,pu-, / pˈu / ,_

essive case marker,pu-, / pˈu / ,_

for,lhu-, / ɬˈu / ,_

GEN,hi-, / hˈi / ,_

genitive case marker,hi-, / hˈi / ,_

IMP,se-, / sˈe / ,_

imperative mood marker,se-, / sˈe / ,_

inanimate noun class,lo-, / lˈo / ,_

INS,si-, / sˈi / ,_

instrumental case marker,si-, / sˈi / ,_

LOC,ti-, / tˈi / ,_

locative case marker,ti-, / tˈi / ,_

MID,mo-, / mˈo / ,_

middle voice marker,mo-, / mˈo / ,_

NOM,i-, / ˈi / ,_

nomative case marker,i-, / ˈi / ,_

OBL,tl0-, / ƛ0- / ,_

obligative mood marker,tl0-, / ƛ0- / ,_

OPT,lhe-, / ɬˈe / ,_

optative mood marker,lhe-, / ɬˈe / ,_

PASS,pa-, / pˈa / ,_

passive voice marker,pa-, / pˈa / ,_

plural marker,-e, / ˈe / ,_

POT,sho-, / ʃˈo / ,_

potential mood marker,sho-, / ʃˈo / ,_

PUR,lhu-, / ɬˈu / ,_

purpose case marker,lhu-, / ɬˈu / ,_

REC,ra-, / rˈa / ,_

reciprocal voice marker,ra-, / rˈa / ,_

REFL,te-, / tˈe / ,_

reflexive voice marker,te-, / tˈe / ,_

SUB,wi-, / wˈi / ,_

subjunctive mood marker,wi-, / wˈi / ,_

TEMP,tu-, / tˈu / ,_

temporal case marker,tu-, / tˈu / ,_

together with,yi-, / jˈi / ,_

with,yi-, / jˈi / ,_

1 of autumn,keluloresyaleth, / kel.ul.or.esj.ˈal.eθ / ,branch + grain

1 of spring,ysklumlor, / jsklˈuml.or / ,moon + vine

1 of summer,mloanam, / mlo.ˈan.am / ,morning + bloom

1 of winter,lrithdrem, / lrˈiθdr.em / ,breath + flower

1,lo, / lˈo / ,_

10 of autumn,nanathuv, / nan.ˈaθ.uv / ,star + sword

10 of spring,todawen, / tod.ˈaw.en / ,eternal + beauty

10 of summer,yethilemnan, / jeθ.il.ˈemn.an / ,home + protection

10 of winter,lriskwil, / lrˈiskw.il / ,breath + movement

10,tir, / tˈir / ,_

11 of autumn,???, / ??? / ,???

11 of spring,mralm, / mrˈalm / ,darkness + bloom

11 of summer,thuvglar, / θˈuvgl.ar / ,sword + woods

11 of winter,fedrlad, / fˈedrl.ad / ,showing + jealousy

11,myar, / mjˈar / ,_

12 of autumn,thilethan, / θil.ˈeθ.an / ,place + tool

12 of spring,mloelhanalor, / mlo.eɬ.an.ˈal.or / ,rebirth + plant

12 of summer,nador, / nˈad.or / ,light + blue

12 of winter,rithaglar, / riθ.ˈagl.ar / ,air + tree

12,lhya, / ɬjˈa / ,_

13 of autumn,shithan, / ʃˈiθ.an / ,sharpness + tool

13 of spring,tushudol, / tuʃ.ˈud.ol / ,cold + fruit

13 of summer,mralsyaleth, / mralsj.ˈal.eθ / ,darkness + food

13 of winter,shotlan, / ʃˈoƛ.an / ,flowing + tool

13,lhyal, / ɬjˈal / ,twelve + one

14 of autumn,tlurinin, / ƛur.ˈin.in / ,mist + ???

14 of spring,menan, / mˈen.an / ,silver + ???

14 of summer,lriskwil, / lrˈiskw.il / ,wind + movement

14 of winter,fedetush, / fed.ˈet.uʃ / ,showing + cold

14,lhyalo, / ɬjˈal.o / ,twelve + two

144,lhyalh, / ɬjˈaɬ / ,twelve + twelve

15 of autumn,???, / ??? / ,???

15 of spring,rithilekel, / riθ.il.ˈek.el / ,sky + branch

15 of summer,forengothr, / for.ˈeŋ.oθr / ,writing + time

15 of winter,lrithen, / lrˈiθ.en / ,breath + dream

15,lhyam, / ɬjˈam / ,twelve + three

16 of autumn,rithol, / rˈiθ.ol / ,air + sweet

16 of spring,mrawen, / mrˈaw.en / ,darkness + beauty

16 of summer,semlor, / sˈeml.or / ,water + plant

16 of winter,loreayeol, / lor.e.aj.ˈe.ol / ,dance + wisdom

16,lhyatev, / ɬjˈat.ev / ,twelve + four

17 of autumn,sholalhum, / ʃol.ˈaɬ.um / ,fruit + goodness

17 of spring,tlafor, / ƛˈaf.or / ,peace + plant

17 of summer,gaglar, / gˈagl.ar / ,warmth + tree

17 of winter,lanam, / lˈan.am / ,twilight + bloom

18 of autumn,sholaglar, / ʃol.ˈagl.ar / ,fruit + tree

18 of spring,nanamel, / nan.ˈam.el / ,star + life

18 of summer,mrallhenadrem, / mralɬ.en.ˈadr.em / ,darkness + dream + flower

18 of winter,nanalor, / nan.ˈal.or / ,star + plant

19 of autumn,lshanin, / lʃˈan.in / ,sun + berry

19 of spring,efem, / ˈef.em / ,sun + flower

19 of summer,tomomen, / tom.ˈom.en / ,root + earth

19 of winter,ayswen, / ˈajsw.en / ,moon + beauty

2 of autumn,ysoresyaleth, / jsor.esj.ˈal.eθ / ,moon + grain

2 of spring,efith, / ˈef.iθ / ,sun + sharpness

2 of summer,rithileaglar, / riθ.il.e.ˈagl.ar / ,sky + tree

2 of winter,dolshanin, / dolʃ.ˈan.in / ,death + berry

2,loe, / lˈo.e / ,_

20 of autumn,tilethil, / til.ˈeθ.il / ,plain + place

20 of spring,nanashith, / nan.ˈaʃ.iθ / ,star + sharpness

20 of summer,holadyethil, / ħol.adj.ˈeθ.il / ,sweet + home

20 of winter,lrithun, / lrˈiθ.un / ,breath + joining

20 of winter,shush, / ʃˈuʃ / ,ice + ???

20,lhyath, / ɬjˈaθ / ,twelve + eight

21 of autumn,riskel, / rˈisk.el / ,air + branch

21 of spring,dremlor, / drˈeml.or / ,flower + plant

21 of summer,meloremnan, / mel.or.ˈemn.an / ,plant + protection

21 of winter,lhilaglar, / ɬil.ˈagl.ar / ,night + tree

22 of autumn,mraltlun, / mrˈalƛ.un / ,darkness + joining

22 of spring,rithiledrem, / riθ.il.ˈedr.em / ,sky + flower

22 of summer,shotlathang, / ʃoƛ.ˈaθ.aŋ / ,flowing + leaf

22 of winter,lan, / lˈan / ,twilight + ???

23 of autumn,kelushol, / kel.ˈuʃ.ol / ,branch + fruit

23 of spring,shasith, / ʃˈas.iθ / ,ice + ship

23 of summer,melaglar, / mel.ˈagl.ar / ,life + tree

23 of winter,lanasyaleth, / lan.asj.ˈal.eθ / ,twilight + food

24 of autumn,mloanamen, / mlo.an.ˈam.en / ,morning + earth

24 of spring,nanadrem, / nan.ˈadr.em / ,star + flower

24 of summer,tleshor, / ƛˈeʃ.or / ,speed + plant

24 of winter,lhonrem, / ɬˈonr.em / ,day + flower

24,loelh, / lˈo.eɬ / ,two + twelve

25 of autumn,???, / ??? / ,???

25 of spring,lrithan, / lrˈiθ.an / ,storm + animal

25 of summer,rithileay, / riθ.il.ˈe.aj / ,sky + feather

25 of winter,nan, / nˈan / ,star + ???

25,loelhyal, / lo.ˈeɬj.al / ,twenty four + one

26 of autumn,melorelor, / mel.or.ˈel.or / ,plant + plant

26 of spring,mramlorelhen, / mraml.or.ˈeɬ.en / ,darkness + plant + dream

26 of summer,dolithor, / dol.ˈiθ.or / ,death + smell

26 of winter,shotlodrem, / ʃoƛ.ˈodr.em / ,flowing + flower

26,loelhyalo, / lo.eɬj.ˈal.o / ,twenty four + two

27 of autumn,thullhen, / θˈulɬ.en / ,top + dream

27 of spring,gadrem, / gˈadr.em / ,hotness + flower

27 of summer,lrithdrem, / lrˈiθdr.em / ,wind + flower

27 of winter,doraklrith, / dor.ˈaklr.iθ / ,blue + breath

28 of autumn,???, / ??? / ,???

28 of spring,lshol, / lʃˈol / ,sun + fruit

28 of summer,ithrem, / ˈiθr.em / ,thought + flower

28 of winter,klumloremlan, / kluml.or.ˈeml.an / ,vine + twilight

29 of autumn,vareloresyaleth, / var.el.or.esj.ˈal.eθ / ,value + grain

29 of spring,nanaloresyaleth, / nan.al.or.esj.ˈal.eθ / ,star + grain

29 of summer,mralshol, / mrˈalʃ.ol / ,darkness + fruit

29 of winter,ayskesh, / ˈajsk.eʃ / ,moon + fire

3 of autumn,mralaysm, / mrˈal.ajsm / ,darkness + moon + bloom

3 of spring,thanshol, / θˈanʃ.ol / ,tool + fruit

3 of summer,aysan, / ˈajs.an / ,moon + tool

3 of winter,???, / ??? / ,???

3,fem, / fˈem / ,_

30 of autumn,rithtesh, / rˈiθt.eʃ / ,air + sound

30 of spring,shimilhom, / ʃim.ˈiɬ.om / ,mystery + container

30 of summer,melor, / mˈel.or / ,plant + ???

30 of winter,lrith, / lrˈiθ / ,breath + ???

30,loelhyatem, / lo.eɬj.ˈat.em / ,twenty four + six

31 of autumn,leshol, / lˈeʃ.ol / ,harvest + fruit

31 of spring,rithileshol, / riθ.il.ˈeʃ.ol / ,sky + fruit

31 of summer,lhenananaloresyaleth, / ɬen.an.an.al.or.esj.ˈal.eθ / ,dream + star + grain

31 of winter,???, / ??? / ,???

32 of autumn,klumloreloresyaleth, / kluml.or.el.or.esj.ˈal.eθ / ,vine + grain

32 of spring,aysith, / ˈajs.iθ / ,moon + sharpness

32 of summer,yeomlor, / je.ˈoml.or / ,wisdom + plant

32 of winter,tushuthok, / tuʃ.ˈuθ.ok / ,cold + ground

33 of autumn,???, / ??? / ,???

33 of spring,lrithwen, / lrˈiθw.en / ,storm + beauty

33 of summer,llhenashol, / lɬen.ˈaʃ.ol / ,sun + dream + fruit

33 of winter,mralrem, / mrˈalr.em / ,darkness + flower

34 of autumn,lhilaloresyaleth, / ɬil.al.or.esj.ˈal.eθ / ,night + grain

34 of spring,dlelaglar, / dlel.ˈagl.ar / ,body + tree

34 of summer,melorethanglar, / mel.or.eθ.ˈaŋl.ar / ,plant + tool + woods

34 of winter,shashanin, / ʃaʃ.ˈan.in / ,ice + berry

35 of autumn,shotlan, / ʃˈoƛ.an / ,river + light

35 of spring,lrithay, / lrˈiθ.aj / ,storm + feather

35 of summer,lhomtlan, / ɬˈomƛ.an / ,day + animal

35 of winter,selshith, / sˈelʃ.iθ / ,water + sharpness

36 of autumn,ysnal, / jsnˈal / ,moon + sharing

36 of spring,teshglar, / tˈeʃgl.ar / ,sound + woods

36 of summer,mloanalor, / mlo.an.ˈal.or / ,dawn + plant

36 of winter,klumloreshud, / kluml.or.ˈeʃ.ud / ,vine + ice

36,femlh, / fˈemɬ / ,three + twelve

37 of autumn,hol, / ħˈol / ,sweet + ???

37 of spring,dremshol, / drˈemʃ.ol / ,flower + fruit

37 of summer,lhenamral, / ɬen.ˈamr.al / ,dream + darkness

37 of winter,aysel, / ˈajs.el / ,moon + center

38 of autumn,lhenadrem, / ɬen.ˈadr.em / ,dream + flower

38 of spring,mraladlel, / mral.ˈadl.el / ,darkness + body

38 of summer,llhenalor, / lɬen.ˈal.or / ,sun + dream + plant

38 of winter,fol, / fˈol / ,sun + sweet

39 of autumn,mralaglar, / mral.ˈagl.ar / ,darkness + tree

39 of spring,yeolaglar, / je.ol.ˈagl.ar / ,truth + tree

39 of summer,shaninalhil, / ʃan.in.ˈaɬ.il / ,berry + night

39 of winter,lhenashanin, / ɬen.aʃ.ˈan.in / ,spirit + berry

4 of autumn,???, / ??? / ,???

4 of spring,dremrem, / drˈemr.em / ,flower + flower

4 of summer,lel, / lˈel / ,sun + branch

4 of winter,???, / ??? / ,???

4,tev, / tˈev / ,_

40 of autumn,nanathan, / nan.ˈaθ.an / ,star + tool

40 of spring,rithilenum, / riθ.il.ˈen.um / ,sky + path

40 of summer,selnan, / sˈeln.an / ,water + protection

40 of winter,shaingtlurith, / ʃa.iŋƛ.ˈur.iθ / ,ice + fog

41 of autumn,ysanin, / jsˈan.in / ,moon + berry

41 of spring,lanatan, / lan.ˈat.an / ,twilight + face

41 of summer,melsyaleth, / melsj.ˈal.eθ / ,life + food

41 of winter,nanaingtlun, / nan.a.ˈiŋƛ.un / ,star + tar

42 of autumn,kelumral, / kel.ˈumr.al / ,branch + darkness

42 of spring,ysotel, / jsˈot.el / ,moon + lake

42 of summer,nomen, / nˈom.en / ,sea + stone

42 of winter,???, / ??? / ,???

43 of autumn,shithol, / ʃˈiθ.ol / ,sharpness + sweet

43 of spring,mrilaglar, / mril.ˈagl.ar / ,sight + tree

43 of summer,mloanafor, / mlo.an.ˈaf.or / ,morning + writing

43 of winter,nanador, / nan.ˈad.or / ,star + blue

44 of autumn,munorhanashol, / mun.orħ.an.ˈaʃ.ol / ,dusk + fruit

44 of spring,rithilefethr, / riθ.il.ˈef.eθr / ,sky + speech

44 of summer,thangekel, / θaŋ.ˈek.el / ,leaf + branch

44 of winter,shakel, / ʃˈak.el / ,ice + branch

45 of autumn,???, / ??? / ,???

45 of spring,lrithitan, / lriθ.ˈit.an / ,storm + bird

45 of summer,lhenaysan, / ɬen.ˈajs.an / ,dream + moon + animal

45 of winter,rishwen, / rˈiʃw.en / ,kindness + beauty

46 of autumn,for, / fˈor / ,sun + action

46 of spring,nanatom, / nan.ˈat.om / ,star + root

46 of summer,lhenalor, / ɬen.ˈal.or / ,dream + plant

46 of winter,thatlun, / θˈaƛ.un / ,tool + joining

47 of autumn,lenan, / lˈen.an / ,hoe + covering

47 of spring,shasel, / ʃˈas.el / ,ice + water

47 of summer,shaninakel, / ʃan.in.ˈak.el / ,berry + branch

47 of winter,???, / ??? / ,???

48 of autumn,mloanashith, / mlo.an.ˈaʃ.iθ / ,morning + sharpness

48 of spring,shagang, / ʃˈag.aŋ / ,ice + tooth

48 of summer,holashol, / ħol.ˈaʃ.ol / ,sweet + fruit

48 of winter,klumloretush, / kluml.or.ˈet.uʃ / ,vine + cold

48,tev, / tˈev / ,four + twelve

49 of autumn,varethan, / var.ˈeθ.an / ,value + tool

49 of spring,nanashol, / nan.ˈaʃ.ol / ,star + fruit

49 of summer,dolaglar, / dol.ˈagl.ar / ,death + tree

49 of winter,aymen, / ˈajm.en / ,moon + earth

5 of autumn,nanamen, / nan.ˈam.en / ,star + earth

5 of spring,lrithan, / lrˈiθ.an / ,wind + animal

5 of summer,mloanatlan, / mlo.an.ˈaƛ.an / ,morning + animal

5 of winter,lrithan, / lrˈiθ.an / ,breath + tool

5,rem, / rˈem / ,_

50 of autumn,harathan, / ħar.ˈaθ.an / ,pain + tool

50 of spring,nanamnan, / nan.ˈamn.an / ,star + covering

50 of summer,selyethil, / selj.ˈeθ.il / ,water + home

51 of autumn,lethiledrem, / leθ.il.ˈedr.em / ,forest + flower

51 of spring,shimisel, / ʃim.ˈis.el / ,mystery + water

51 of summer,felakorim, / fel.ak.ˈor.im / ,sun + cycle

51 of winter,nanaglar, / nan.ˈagl.ar / ,star + tree

52 of autumn,lhenaysol, / ɬen.ˈajs.ol / ,dream + moon + fruit

52 of spring,mralshanin, / mralʃ.ˈan.in / ,darkness + berry

52 of summer,mralshol, / mrˈalʃ.ol / ,dark + fruit

52 of winter,lanalor, / lan.ˈal.or / ,twilight + plant

53 of autumn,thamlor, / θˈaml.or / ,tool + plant

53 of spring,femlor, / fˈeml.or / ,speaking + plant

53 of summer,ysayeol, / jsaj.ˈe.ol / ,moon + wisdom

53 of winter,shalor, / ʃˈal.or / ,ice + plant

54 of autumn,meloresyalethavar, / mel.or.esj.al.eθ.ˈav.ar / ,grain + value

54 of spring,lunum, / lˈun.um / ,sun + TEMP + present

54 of summer,kelulor, / kel.ˈul.or / ,branch + plant

54 of winter,kelusyaleth, / kel.usj.ˈal.eθ / ,branch + food

55 of autumn,shotlesh, / ʃˈoƛ.eʃ / ,river + sound

55 of spring,rithiletlan, / riθ.il.ˈeƛ.an / ,sky + animal

55 of summer,sethan, / sˈeθ.an / ,water + tool

55 of winter,mralesh, / mrˈal.eʃ / ,darkness + sound

56 of autumn,haraon, / ħar.ˈa.on / ,pain + mouth

56 of spring,mralsyalethashol, / mralsj.al.eθ.ˈaʃ.ol / ,darkness + food + fruit

56 of summer,mramlor, / mrˈaml.or / ,darkness + plant

56 of winter,nanad, / nˈan.ad / ,star + showing

57 of autumn,lethilekel, / leθ.il.ˈek.el / ,forest + branch

57 of spring,yelathan, / jel.ˈaθ.an / ,person + tool

57 of summer,varedrem, / var.ˈedr.em / ,value + flower

57 of winter,ysaglar, / jsˈagl.ar / ,moon + tree

58 of autumn,mlor, / mlˈor / ,sun + plant

58 of spring,ysol, / jsˈol / ,moon + fruit

58 of summer,ysdmfed, / jsdmfˈed / ,moon + bloom

58 of winter,mer, / mˈer / ,earth + showing

59 of autumn,glareshol, / glar.ˈeʃ.ol / ,tree + fruit

59 of spring,keluaglar, / kel.u.ˈagl.ar / ,branch + tree

59 of summer,rithiledyel, / riθ.il.ˈedj.el / ,sky + person

59 of winter,varefethr, / var.ˈef.eθr / ,value + speaking

6 of autumn,mar, / mˈar / ,sun + mother

6 of spring,shimilor, / ʃim.ˈil.or / ,mystery + plant

6 of summer,meloreathang, / mel.or.e.ˈaθ.aŋ / ,plant + leaf

6 of winter,shotltom, / ʃˈoƛt.om / ,flowing + root

6,tem, / tˈem / ,_

60 of autumn,leshor, / lˈeʃ.or / ,harvest + action

60 of spring,rithilekwil, / riθ.il.ˈekw.il / ,sky + movement

60 of summer,lhenumlhen, / ɬen.ˈumɬ.en / ,center + path + dream

60 of winter,nanadyethil, / nan.adj.ˈeθ.il / ,star + home

61 of autumn,nanasyaleth, / nan.asj.ˈal.eθ / ,star + food

61 of spring,selaglar, / sel.ˈagl.ar / ,water + tree

61 of summer,mloanadrem, / mlo.an.ˈadr.em / ,morning + flower

61 of winter,tushulor, / tuʃ.ˈul.or / ,cold + plant

62 of autumn,lhoman, / ɬˈom.an / ,day + light

62 of spring,meloresel, / mel.or.ˈes.el / ,plant + water

62 of summer,teshaglar, / teʃ.ˈagl.ar / ,sound + tree

62 of winter,sulramen, / sulr.ˈam.en / ,bottom + darkness + stone

63 of autumn,haralor, / ħar.ˈal.or / ,pain + plant

63 of spring,shotlen, / ʃˈoƛ.en / ,flowing + dream

63 of summer,munanilor, / mun.an.ˈil.or / ,covering + plant

63 of winter,mralingtlun, / mral.ˈiŋƛ.un / ,darkness + tar

64 of autumn,ay, / ˈaj / ,moon + ???

64 of spring,shashithan, / ʃaʃ.ˈiθ.an / ,ice + sharpness + tool

64 of summer,kelushith, / kel.ˈuʃ.iθ / ,branch + sharpness

64 of winter,nanamen, / nan.ˈam.en / ,star + stone

65 of autumn,teleay, / tel.ˈe.aj / ,lake + feather

65 of spring,doltlan, / dˈolƛ.an / ,death + animal

65 of summer,mral, / mrˈal / ,darkness + ???

65 of winter,ysanon, / jsˈan.on / ,moon + dog

66 of autumn,holalor, / ħol.ˈal.or / ,sweet + plant

66 of spring,rithor, / rˈiθ.or / ,air + plant

66 of summer,lhenathan, / ɬen.ˈaθ.an / ,dream + tool

66 of winter,lhenashotl, / ɬen.ˈaʃ.oƛ / ,dream + flow

67 of autumn,lhuloresyaleth, / ɬul.or.esj.ˈal.eθ / ,goodness + grain

67 of spring,munaniay, / mun.an.ˈi.aj / ,protection + moon

67 of summer,aysdrem, / ˈajsdr.em / ,moon + flower

67 of winter,menlor, / mˈenl.or / ,earth + plant

68 of autumn,dolag, / dˈol.ag / ,death + hotness

68 of spring,munorhanalor, / mun.orħ.an.ˈal.or / ,dusk + plant

68 of summer,menrunan, / menr.ˈun.an / ,earth + hat

68 of winter,mersyaleth, / mersj.ˈal.eθ / ,earth + food

69 of autumn,rithtom, / rˈiθt.om / ,air + root

69 of spring,teleaglar, / tel.e.ˈagl.ar / ,lake + tree

69 of summer,selrem, / sˈelr.em / ,water + flower

69 of winter,shalhen, / ʃˈaɬ.en / ,ice + dream

7 of autumn,ay, / ˈaj / ,moon + ???

7 of spring,mrilamen, / mril.ˈam.en / ,sight + stone

7 of summer,glarenan, / glar.ˈen.an / ,tree + star

7 of winter,mloanathan, / mlo.an.ˈaθ.an / ,morning + tool

7,pol, / pˈol / ,_

70 of autumn,mrallhenathan, / mralɬ.en.ˈaθ.an / ,darkness + dream + tool

70 of spring,shotlol, / ʃˈoƛ.ol / ,flowing + fruit

70 of summer,nanalor, / nan.ˈal.or / ,star + action

70 of winter,tushuthan, / tuʃ.ˈuθ.an / ,cold + tool

71 of autumn,shithanin, / ʃiθ.ˈan.in / ,sharpness + berry

71 of spring,mramlorean, / mraml.or.ˈe.an / ,darkness + plant + light

71 of summer,lanathan, / lan.ˈaθ.an / ,twilight + tool

71 of winter,thanramen, / θanr.ˈam.en / ,tool + darkness + stone

72 of autumn,lethileaglar, / leθ.il.e.ˈagl.ar / ,forest + tree

72 of spring,dleleon, / dlel.ˈe.on / ,trunk + mouth

72 of summer,mloanatesh, / mlo.an.ˈat.eʃ / ,morning + sound

72 of winter,numvar, / nˈumv.ar / ,path + value

73 of autumn,kanaithr, / kan.ˈa.iθr / ,change + thought

73 of spring,???, / ??? / ,???

73 of summer,efan, / ˈef.an / ,sun + tool

73 of winter,mramen, / mrˈam.en / ,darkness + stone

74 of autumn,sillhum, / sˈilɬ.um / ,existence + goodness

74 of spring,shotl, / ʃˈoƛ / ,flowing + ???

74 of summer,glaretesh, / glar.ˈet.eʃ / ,tree + sound

74 of winter,menmen, / mˈenm.en / ,earth + stone

75 of autumn,mloanarithan, / mlo.an.ar.ˈiθ.an / ,morning + bird

75 of spring,aysan, / ˈajs.an / ,moon + animal

75 of summer,holalor, / ħol.ˈal.or / ,sweet + action

75 of winter,shashol, / ʃˈaʃ.ol / ,ice + fruit

76 of autumn,fedemralrem, / fed.emr.ˈalr.em / ,showing + darkness + flower

76 of spring,rithilesyaleth, / riθ.il.esj.ˈal.eθ / ,sky + food

76 of summer,melrem, / mˈelr.em / ,life + flower

76 of winter,namen, / nˈam.en / ,light + stone

77 of autumn,lhiladrem, / ɬil.ˈadr.em / ,night + flower

77 of spring,kelueon, / kel.u.ˈe.on / ,branch + mouth

77 of summer,keluthan, / kel.ˈuθ.an / ,branch + tool

77 of winter,lhenamen, / ɬen.ˈam.en / ,dream + earth

78 of autumn,lhenakel, / ɬen.ˈak.el / ,dream + branch

78 of spring,mralel, / mrˈal.el / ,darkness + branch

78 of summer,varetlun, / var.ˈeƛ.un / ,value + joining

78 of winter,ysdeshol, / jsdˈeʃ.ol / ,moon + showing + fruit

79 of autumn,nanathang, / nan.ˈaθ.aŋ / ,star + leaf

79 of spring,ysor, / jsˈor / ,moon + plant

79 of summer,mralaysor, / mral.ˈajs.or / ,darkness + moon + plant

79 of winter,nanalhen, / nan.ˈaɬ.en / ,star + dream

8 of autumn,munorhanapal, / mun.orħ.an.ˈap.al / ,dusk + stopping

8 of spring,todakesh, / tod.ˈak.eʃ / ,eternal + fire

8 of summer,nalhom, / nˈaɬ.om / ,light + container

8 of winter,dolrem, / dˈolr.em / ,death + flower

8,ath, / ˈaθ / ,_

80 of autumn,nathan, / nˈaθ.an / ,light + tool

80 of spring,shotlrleth, / ʃˈoƛrl.eθ / ,flowing + hoe

80 of summer,thangethan, / θaŋ.ˈeθ.an / ,leaf + tool

80 of winter,mrathan, / mrˈaθ.an / ,darkness + tool

81 of autumn,???, / ??? / ,???

81 of spring,sethok, / sˈeθ.ok / ,water + down

81 of summer,lhenashotlodrem, / ɬen.aʃ.oƛ.ˈodr.em / ,dream + flowing + flower

81 of winter,dremen, / drˈem.en / ,flower + stone

82 of autumn,???, / ??? / ,???

82 of spring,shotlom, / ʃˈoƛ.om / ,flowing + bloom

82 of summer,munorhanatesh, / mun.orħ.an.ˈat.eʃ / ,dusk + sound

82 of winter,syalethanan, / sjal.eθ.ˈan.an / ,food + star

83 of autumn,holamel, / ħol.ˈam.el / ,sweet + life

83 of spring,mloanalor, / mlo.an.ˈal.or / ,morning + plant

83 of summer,yelan, / jˈel.an / ,person + light

83 of winter,aymen, / ˈajm.en / ,moon + stone

84 of autumn,rithdrem, / rˈiθdr.em / ,air + flower

84 of spring,selumlor, / sel.ˈuml.or / ,water + vine

84 of summer,lhenaglar, / ɬen.ˈagl.ar / ,dream + tree

84 of winter,mloanamen, / mlo.an.ˈam.en / ,morning + metal

85 of autumn,lhenarith, / ɬen.ˈar.iθ / ,dream + air

85 of spring,nanatlan, / nan.ˈaƛ.an / ,star + animal

85 of summer,yselom, / jsˈel.om / ,moon + memory

85 of winter,nanatan, / nan.ˈat.an / ,star + face

86 of autumn,nunasil, / nun.ˈas.il / ,small + existence

86 of spring,dolor, / dˈol.or / ,death + blue

86 of summer,keshaglar, / keʃ.ˈagl.ar / ,fire + tree

86 of winter,lanamen, / lan.ˈam.en / ,twilight + metal

87 of autumn,ysen, / jsˈen / ,moon + dream

87 of spring,yskel, / jskˈel / ,moon + branch

87 of summer,rithenalor, / riθ.en.ˈal.or / ,air + dream + plant

87 of winter,mramen, / mrˈam.en / ,darkness + metal

88 of autumn,engothr, / ˈeŋ.oθr / ,sun + time

88 of spring,mloanakel, / mlo.an.ˈak.el / ,dawn + branch

88 of summer,mralor, / mrˈal.or / ,darkness + blue

88 of winter,lan, / lˈan / ,twilight + ???

89 of autumn,haradrem, / ħar.ˈadr.em / ,pain + flower

89 of spring,shotleon, / ʃoƛ.ˈe.on / ,flowing + mouth

89 of summer,fidol, / fˈid.ol / ,sun + GEN + death

89 of winter,tleshmen, / ƛˈeʃm.en / ,speed + metal

9 of autumn,lhenashith, / ɬen.ˈaʃ.iθ / ,dream + sharpness

9 of spring,shatom, / ʃˈat.om / ,ice + root

9 of summer,temen, / tˈem.en / ,sound + stone

9 of winter,lrithaglar, / lriθ.ˈagl.ar / ,breath + tree

9,ki, / kˈi / ,_

90 of autumn,meloresyalethalor, / mel.or.esj.al.eθ.ˈal.or / ,grain + plant

90 of spring,shakwil, / ʃˈakw.il / ,ice + movement

90 of summer,falnan, / fˈaln.an / ,leader + star

90 of winter,shathan, / ʃˈaθ.an / ,ice + tool

